customer_event_id,artist_name,venue_name,market,city,event_date,booking_date,announcement_date,onsale_date,venue_capacity,event_usable_capacity,ticket_capacity,deal_type,artist_guarantee,tickets_sold,paid_tickets,comp_tickets,refunded_tickets,scanned_attendance,ticket_gross,ticket_net,face_value_min,face_value_max,marketing_spend,venue_cost,production_cost,labor_cost,merch_revenue,fnb_revenue,promoter_contribution,sold_out,currency,Final Sold,buyer_email
EVT001,The National,Riviera Theatre,Chicago,Chicago,2024-05-10,2023-11-01,2024-01-15,2024-01-20,2500,2400,2400,guarantee,75000,2400,2350,50,0,2380,150000,145000,45,75,8000,12000,25000,9000,5000,3000,24000,true,USD,2350,fan@example.com
EVT002,Phoebe Bridgers,The Chicago Theatre,Chicago,Chicago,2024-03-08,,,,1900,1850,1850,guarantee,,,,,,,90000,86000,35,60,6000,9000,20000,7000,4000,2000,,false,USD,,,
EVT001,The National,Riviera Theatre,Chicago,Chicago,2024-05-10,2023-11-01,2024-01-15,2024-01-20,2500,2400,2400,guarantee,75000,2400,2350,50,0,2380,150000,145000,45,75,8000,12000,25000,9000,5000,3000,24000,true,USD,2350,fan@example.com
EVT003,Mitski,Metro,Chicago,Chicago,2024-09-14,2024-05-01,2024-06-01,2024-06-05,1100,1100,1100,guarantee,60000,1100,1050,50,0,1090,70000,68000,40,60,5000,6000,15000,4000,3000,1500,12000,false,USD,1050,,
EVT004,Boygenius,Wrigley Field,Chicago,Chicago,2024-08-02,2023-12-01,2024-02-01,2024-02-05,41000,38000,38000,guarantee,400000,36000,35000,1000,40000,34000,2800000,2700000,59,199,250000,150000,500000,120000,80000,40000,350000,false,USD,35000,,
EVT005,Kaytranada,Salt Shed,Chicago,Chicago,2024-10-19,2024-06-01,2024-07-01,2024-07-05,3600,3400,3400,flat,90000,4000,3300,100,0,3250,220000,210000,55,75,10000,15000,40000,12000,6000,3000,55000,false,EUR,3300,,
EVT006,Charli XCX,Aragon Ballroom,Chicago,Chicago,2024-11-22,2024-07-01,2024-08-01,2024-08-05,5000,5000,5000,guarantee,150000,5000,4800,200,0,4900,400000,385000,49,129,20000,18000,60000,15000,9000,5000,90000,true,USD,4800,,
EVT007a,Noah Kahan,United Center,Chicago,Chicago,2024-06-20,2023-10-01,2023-12-01,2023-12-05,23500,20500,20500,guarantee,500000,20500,20000,500,0,19900,2200000,2100000,69,199,300000,200000,400000,100000,100000,50000,550000,true,USD,20000,,
EVT007b,Noah Kahan,United Center,Chicago,Chicago,2024-06-21,2023-10-01,2023-12-01,2023-12-05,23500,20500,20500,guarantee,500000,20400,19900,500,0,19800,2150000,2050000,69,199,300000,200000,400000,100000,100000,50000,500000,true,USD,19900,,
EVT008,LCD Soundsystem,Radius,Chicago,Chicago,2024-12-13,,2024-10-01,2024-10-05,3800,3800,3800,flat,80000,3800,3700,100,0,3600,240000,-5000,45,85,12000,10000,35000,10000,5000,2500,48000,false,USD,3700,,
